,Clone,DNA_ID,Description,Protein,Barcode,Antibody.Clone,Gene,Cell.type.expression/function,Flow,Flow_alt_Clone,Cytof_marker,Cytof_tag,citeprot,cytofprot,facsprot
0,100,,,,,,,,,,BCL2,142 Nd,,BCL2,
1,G043H7,C0148,0148 anti-human CD197 (CCR7),CD197 (CCR7),AGTTCAGTCAACCGA,CD197 (CCR7),CCR7,"Naïve T, TCM, Tfh",yes,,,,CD197_CCR7,CCR7,CCR7
2,Ber-ACT8,C0145,0145 anti-human CD103 (Integrin αE),CD103,GACCTCATTGTGAAT,CD103 (Integrin αE),ITGAE,"Intestinal intraepithelial lymphocytes, subpop of lamina propria T cells, some DC subpops, subset of blood lymphocytes",,,CD103 ,151 Eu,CD103,CD103,
3,S-HCL-3,C0053,0053 anti-human CD11c,CD11c,TACGCCTATAACTTG,CD11c,ITGAX,"Associates with ITGB2; lymphocytes, mono/macro, granulocytes",yes,B-Ly6,,,CD11c,CD11c,
4,6H6,C0064,0064 anti-human CD123,CD123,CTTCACTCTGTCAGG,CD123,IL3RA,"Macro, DCs, some B cells, mast cells, basophils, megakaryocytes",yes,,CD123,171 Yb,CD123,CD123,
5,A019D5,C0390,0390 anti-human CD127 (IL-7Rα),CD127 (IL-7Ra),GTGTGTTGTCCTATG,CD127 (IL-7Rα),IL7R,On several immune cell pops; notably low/neg on Treg,yes,,CD127 ,168 Er,CD127_IL_7Ra,CD127,CD127
6,M5E2,C0081,0081 anti-human CD14,CD14,TCTCAGACCTCCGTA,CD14,CD14,Mono/ macro; granulocytes at lower levels ,yes,,CD14,160 Gd,CD14,CD14,
7,M80,C0163,0163 anti-human CD141 (Thrombomodulin),CD141 (Thrombomodulin),GGATAACCGCGCTTT,CD141 (Thrombomodulin),THBD,"Mono/macro, DC subset",yes,,CD141,173 Yb,CD141_Thrombomodulin,CD141,
8,3G8,C0083,0083 anti-human CD16,CD16,AAGTTCACTCTTTGC,CD16,FCGR3A,"Mono, DCs, NK subsets",yes,,CD16,209 Bi,CD16,CD16,
9,HP-3G10,C0149,0149 anti-human CD161,CD161,GTACGCAGTCCTTCT,CD161,KLRB1,"NK, NKT, MAITs, Th17",yes,,CD161 ,156 Gd,CD161,CD161,
10,HIB19,C0050,0050 anti-human CD19,CD19,CTGGGCAATTACTCG,CD19,CD19,B,yes,,CD19,111 Cd ,CD19,CD19,
11,2H7,C0100,0100 anti-human CD20,CD20,TTCTGGGTCCCTAGA,CD20,MS4A1,"B, low levels on a T cell subset",,,CD20 ,147 Sm,CD20,CD20,
12,BC96,C0085,0085 anti-human CD25,CD25,TTTGTCCTGTACGCC,CD25,IL2RA,"Tregs, Tmem, activated T, B, mono/macro; *not the greatest clone in terms of CD25 binding but should suffice",yes,,,,CD25,CD25,
13,O323,C0154,0154 anti-human CD27,CD27,GCACTCCTGCATGTA,CD27,CD27,"Most T, memory B, NK",yes,MT271,,,CD27,CD27,
14,CD28.2,C0386,0386 anti-human CD28,CD28,TGAGAACGACCCTAA,CD28,CD28,"Most T, NK subsets, plasma",,,,,CD28,CD28,
15,UCHT1,C0034,0034 anti-human CD3,CD3,CTCATTGTAACTCCT,CD3,CD3E,"*Ab clone binds CD3E; T, NKT",yes,,CD3,112 Cd,CD3,CD3,
16,P67.6,C0052,0052 anti-human CD33,CD33,TAACTCAGGGCCTAT,CD33,CD33,"Myeloid progenitors, mono, granulo, DCs, mast cells",yes,WM.53,CD33,145 Nd,CD33,CD33,
17,HIT2,C0389,0389 anti-human CD38,CD38,TGTACCCGCTTGTGA,CD38,CD38,"Plasma cells; activated T and B; NK, myeloblasts,  erythroblasts",yes,,CD38 ,169 Tm,CD38,CD38,CD38
18,A1,C0176,0176 anti-human CD39,CD39,TTACCTGGTATCCGT,CD39,ENTPD1,"Tregs, subsets of T and B, DCs, weak staining on mono and granulo",yes,,CD39,175 Lu,CD39,CD39,
19,RPA-T4,C0072,0072 anti-human CD4,CD4,TGTTCCCGCTCAACT,CD4,CD4,"CD4+ T, type II NKT, mono/macro",yes,SK3/L3T4,CD4,114 Cd,CD4,CD4,
20,HI30,C0391,0391 anti-human CD45,CD45,TGCAATTACCCGGAT,CD45,PTPRC,Leukocytes,yes,,CD45,89Y,CD45,CD45,
21,HI100,C0063,0063 anti-human CD45RA,CD45RA,TCAATCCTTCCGCTT,CD45RA,PTPRC,"CD45 isoform - naïve T, B, mono",yes,,CD45RA ,143 Nd,CD45RA,CD45RA,CD45RA
22,UCHL1,C0087,0087 anti-human CD45RO,CD45RO,CTCCGAATCATGTTG,CD45RO,PTPRC,"CD45 isoform - memory T, some B subsets, activated mono/macro, granulo",,,CD45RO ,165 Ho,CD45RO,CD45RO,
23,5.1H11,C0047,0047 anti-human CD56 (NCAM),CD56 (NCAM),TCCTTTCCTGATAGG,CD56 (NCAM),NCAM1,"NK, NKT",yes,My31,,,CD56_NCAM,CD56,
24,QA17A04,C0168,0168 anti-human CD57 Recombinant,CD57 Recombinant,AACTCCCTATGGAGG,CD57 Recombinant,B3GAT1,"NK, CD8+ T ",,,,,CD57Recombinant,CD57,
25,6/40c,C0166,0166 anti-human CD66b,CD66b,AGCTGTAAGTTTCGG,CD66b,CEACAM8,Granulocytes,,,,,CD66b,CD66,
26,FN50,C0146,0146 anti-human CD69,CD69,GTCTCTTGGCTTAAA,CD69,CD69,"Activated leukocytes including T, B, NK, neutro, eosino",yes,,,,CD69,CD69,
27,3B2/TA8,C0845,0845 anti-human CD99,CD99,ACCCGTCCCTAAGAA,CD99,CD99,"T cells; cell adhesion, caspase-independent death",,,,,CD99,CD99,
28,HECA-452,,,,,,,,,,CLA,174 Yb,,CLA,
29,BNI3,C0151,0151 anti-human CD152 (CTLA-4),CD152 (CTLA-4),ATGGTTCACGTAATC,CD152 (CTLA-4),CTLA4,"Activated T cells, Th, Treg; inhibitory",,,,,CD152_CTLA_4,CTLA4,
30,K0124E1,C0179,0179 anti-human CX3CR1,CX3CR1,AGTATCGTCTCTGGG,CX3CR1,CX3CR1,"NK, T cell subsets, mono/macro, DCs",yes,GO25H7,,,CX3CR1,CX3CR1,
31,WM38,,,,,,,,,,FoxP3,159Tb,,FOXP3,
32,GB11,,,,,,,,,,GZB ,144Nd,,GZB,
33,L243,C0159,0159 anti-human HLA-DR,HLA-DR,AATAGCGAGCAAGTA,HLA-DR,HLA-DRB1 etc,"B, activated T, Treg subsets, mono/macro, DCs,",yes,,,,HLA_DR,HLA_DR,HLA-DR
34,HP6123,C0186,0186 anti-human IgA,IgA,AAGATGTCCGAGCAA,IgA,"IGHA1, IGHA2",Subset of B,,,,,IgA,IgA,
35,IA6-2,C0384,0384 anti-human IgD,IgD,CAGTCTCCGTAGAGT,IgD,IGHD,Naïve B,yes,,,,IgD,IgD_TCRgd,
36,M1310G05,C0375,0375 anti-human IgG Fc,IgG Fc,CTGGAGCGATTAGAA,IgG Fc,,,,,IgG,113 Cd,IgGFc,IgG,
37,MHM-88,C0136,0136 anti-human IgM,IgM,TAGCGAGCCCGTATA,IgM,IGHM,"Naïve B, subset of Bmem",yes,G20127,IgM,195 Pt,IgM,IgM,
38,Ki-67,,,,,,,,,,Ki67,164 Dy,,Ki_67,
39,EH12.2H7,C0088,0088 anti-human CD279 (PD-1),CD279 (PD-1),ACAGCGCCGTATTTA,CD279 (PD-1),PDCD1,"Activated T, B, myeloid; inhibitory",yes,JC1,PD1 ,155 Gd,CD279_PD_1,PD1,PD1
40,837535,,,,,,,,,,Siglec-8,162 Dy,,Siglec_8,
41,3C10,C0581,0581 anti-human TCR Vα7.2,TCR_Va7.2,TACGAGCAGTATTCA,TCR Vα7.2,TRAV1-2,MAITs,yes,,Va7.2  ,153 Eu,TCR_Va7_2,Va7_2,
42,B6,C0582,0582 anti-human TCR Vδ2,TCR_Vd2,TCAGTCAGATGGTAT,TCR Vδ2,TRDV2,Subset of γδ T (Vγ9Vδ2 T),yes,,,,TCR_Vd2,Vd2,
43,IP26,C0224,0224 anti-human TCR α/β,abTCR,CGTAACGTAGAGCGA,TCR α/β,,αβ T,,,,,abTCR,,
44,MIH43,C0395,0395 anti-human B7-H4,B7-H4,TGTATGTCTGCCTTG,B7-H4,VTCN1,"Activated T cells, B cells, monocytes, DCs.Inhibits proliferation, cytokine secretion, cytotoxicity",,,,,B7_H4,,
45,12. Jan,C1055,1055 anti-c-Met,c-Met,GCTGCTGCGATTTGA,c-Met,MET,"Binds to multiple substrates and activates signaling pathways, such as MAPK, PI3K-AKT, STAT, NF-κB; drives proliferation, cell survival, migration, invasiveness",,,,,c_Met,,
46,HI10a,C0062,0062 anti-human CD10,CD10,CAGCCATTCATTAGG,CD10,MME,"B and T cell precursors, transitional B cells, neutrophils",,,,,CD10,,
47,BB27,C0944,0944 anti-human CD101 (BB27),CD101 (BB27),CTACTTCCCTGTCAA,CD101 (BB27),CD101,"Monocytes, granulocytes, DCs, T cells subpops in blood, activated T cells; inhibitory pathways",,,,,CD101_BB27,,
48,STA,C0245,0245 anti-human CD106,CD106,TCACAGTTCCTTGGA,CD106,VCAM1,Expressed on some eg CD8 cells (generally lower on immune cells than on endothelial cells),,,,,CD106,,
49,H4A3,C0155,0155 anti-human CD107a (LAMP-1),CD107a (LAMP-1),CAGCCCACTGCAATA,CD107a (LAMP-1),LAMP1,"Activated lymphocytes, macrophages, activated platelets",,,,,CD107a_LAMP_1,,
50,TX31,C0024,0024 anti-human CD112 (Nectin-2),CD112 (Nectin-2),AACCTTCCGTCTAAG,CD112 (Nectin-2),NECTIN2,"Monocytes, DCs, mast cell, megakaryocytes; regulates cytotoxicity by binding CD226 on NK and CD8 T cells",,,,,CD112_Nectin_2,,
51,104D2,C0061,0061 anti-human CD117 (c-kit),CD117 (c-kit),AGACTAATAGCTGAC,CD117 (c-kit),KIT,"Proliferation; myeloid, mast cells",,,,,CD117_c_kit,,
52,TS2/4,C0185,0185 anti-human CD11a,CD11a,TATATCCTTGTGAGC,CD11a,ITGAL,"Associates with ITGB2; lymphocytes, mono/macro, granulocytes; involved in cell adhesion and costimulation processes",,,,,CD11a,,
53,TU27,C0246,0246 anti-human CD122 (IL-2Rβ),CD122 (IL-2RB),TCATTTCCTCCGATT,CD122 (IL-2Rβ),IL2RB,Part of IL-2 and IL-15 receptors; on NK cells and T cell subsets; upregulated upon activation,,,,,CD122_IL_2RB,,
54,G077F6,C0363,0363 anti-human CD124 (IL-4Rα),CD124,CCGTCCTGATAGATG,CD124 (IL-4Rα),IL4R,"T cells (Th2), B cells (regulates IgE)",,,,,CD124,,
55,S16016B,C0594,0594 anti-human CD133,CD133,GTAAGACGCCTATGC,CD133,PROM1,On haematopoietic progenitor cells,,,,,CD133,,
56,4B4-1,C0355,0355 anti-human CD137 (4-1BB),CD137 (4-1BB),CAGTAAGTTCGGGAC,CD137 (4-1BB),TNFRSF9,"On activated T cells, promotes proliferation, induced monocyte activation va CD137L",yes,,,,CD137_4_1BB,,
57,5F4,C0022,0022 anti-human CD137L (4-1BB Ligand),CD137L (4-1BB Ligand),ATTCGCCTTACGCAA,CD137L (4-1BB Ligand),TNFSF9,On APCs and activated T and B,,,,,CD137L_4_1BBLigand,,
58,DL-101,C0831,0831 anti-human CD138 (Syndecan-1),CD138 (Syndecan-1),GTATAGACCAAAGCC,CD138 (Syndecan-1),SDC1,High on plasma/pb,yes,MI15,,,CD138_Syndecan_1,,
59,BV9,C0400,0400 anti-human CD144 (VE-Cadherin),CD144 (VE-Cadherin),TCCACTCATTCTGTA,CD144 (VE-Cadherin),CDH5,HSCs,,,,,CD144_VE_Cadherin,,
60,P1H12,C0134,0134 anti-human CD146,CD146,CCTTGGATAACATCA,CD146,MCAM,Activated T cells,,,,,CD146,,
61,W6D3,C0392,0392 anti-human CD15 (SSEA-1),CD15 (SSEA-1),TCACCAGTACCTAGT,CD15 (SSEA-1),FUT4,"Granulocytes, mono",yes,,,,CD15_SSEA_1,,
62,A12 (7D4),C0870,0870 anti-human CD150 (SLAM),CD150 (SLAM),GTCATTGTATGTCTG,CD150 (SLAM),SLAMF1,"T, B, DCs; cell activation, promotes eg IFNg production etc",,,,,CD150_SLAM,,
63,24-31,C0032,0032 anti-human CD154,CD154,GCTAGATAGATGCAA,CD154,CD40LG,B cell costim; regulation of cytokine production by T cells,,,,,CD154,,
64,SKII.4,C0023,0023 anti-human CD155 (PVR),CD155 (PVR),ATCACATCGTTGCCA,CD155 (PVR),PVR,"Mono, triggers NK function, can be transferred onto NK cells",,,,,CD155_PVR,,
65,HP-MA4,C0420,0420 anti-human CD158 (KIR2DL1/S1/S3/S5),CD158 (KIR2DL1/S1/S3/S5),TATCAACCAACGCTT,CD158 (KIR2DL1/S1/S3/S5),KIR2DL1; KIR2DS1; KIR2DS3; KIR2DS5,"2DL1 is inhibitory (KIR A and B haplotypes); 2DS1, 2DS3, 2DS5 are activating and are expressed from the KIR B haplotype; all on NK",,,,,CD158_KIR2DL1_S1_S3_S5,,
66,DX27,C0592,"0592 anti-human CD158b (KIR2DL2/L3,  NKAT2)","CD158b (KIR2DL2/L3,  NKAT2)",GACCCGTAGTTTGAT,"CD158b (KIR2DL2/L3,  NKAT2)",KIR2DL2; KIR2DL3,Inhibitory; DL2 - KIRB haplotype; DL3 - KIRA haplotype; on NK,,,,,CD158b_KIR2DL2_L3_NKAT2,,
67,DX9,C0599,"0599 anti-human CD158e1 (KIR3DL1, NKB1)","CD158e1 (KIR3DL1, NKB1)",GGACGCTTTCCTTGA,"CD158e1 (KIR3DL1, NKB1)",KIR3DL1,Inhibitory; KIR A haplotype; on NK,,,,,CD158e1_KIR3DL1_NKB1,,
68,UP-R1,C0600,0600 anti-human CD158f (KIR2DL5),CD158f (KIR2DL5),AAAGTGATGCCACTG,CD158f (KIR2DL5),KIR2DL5A; KIR2DL5B,Inhibitory; KIR B haplotype; on NK,,,,,CD158f_KIR2DL5,,
69,GHI/61,C0358,0358 anti-human CD163,CD163,GCTTCTCCTTCCTTA,CD163,CD163,"Mono/macro, DC subsets, HSC subsets",,,,,CD163,,
70,7-239,C0206,"0206 anti-human CD169 (Sialoadhesin, Siglec-1)","CD169 (Sialoadhesin, Siglec-1)",TACTCAGCGTGTTTG,"CD169 (Sialoadhesin, Siglec-1)",SIGLEC1,"Macro, DCs, Endocytic receptor",,,,,CD169_Sialoadhesin_Siglec_1,,
71,NOK-1,C0177,0177 anti-human CD178 (Fas-L),CD178 (Fas-L),CCGGTCCTCTGTATT,CD178 (Fas-L),FASLG,"T, NK, NKT; mediates AICD ",,,,,CD178_Fas_L,,
72,TS1/18,C0385,0385 anti-human CD18,CD18,TATTGGGACACTTCT,CD18,ITGB2,On all leukocytes,,,,,CD18,,
73,G025H7,C0140,0140 anti-human CD183 (CXCR3),CD183 (CXCR3),GCGATGGTAGATTAT,CD183 (CXCR3),CXCR3,"Th1 cells, NK, DCs, certain granulocyte subsets; binds CXCL9, CXCL10, CXCL11",yes,,,,CD183_CXCR3,,CXCR3
74,12G5,C0366,0366 anti-human CD184 (CXCR4),CD184 (CXCR4),TCAGGTCCTTTCAAC,CD184 (CXCR4),CXCR4,"B , T, mono/macro, DCs, granulocytes, megakaryocytes; binds CXCL12, LPS",,,,,CD184_CXCR4,,
75,J252D4,C0144,0144 anti-human CD185 (CXCR5),CD185 (CXCR5),AATTCAACCGTCGCC,CD185 (CXCR5),CXCR5,"Mature B, Tfh",yes,,,,CD185_CXCR5,,
76,"5,00E+08",C0397,0397 anti-human CD193 (CCR3),CD193 (CCR3),ACCAATCCTTTCGTC,CD193 (CCR3),CCR3,"Mono/macro, Th2, granulocyte subsets, platelets, haematopoietic progenitor cells",,,,,CD193_CCR3,,
77,L291H4,C0071,0071 anti-human CD194 (CCR4),CD194 (CCR4),AGCTTACCTGCACGA,CD194 (CCR4),CCR4,"Th2, Treg subset, B cell subsets, mono, NK, baso",yes,,,,CD194_CCR4,,CCR4
78,J418F1,C0141,0141 anti-human CD195 (CCR5),CD195 (CCR5),CCAAAGTAAGAGCCA,CD195 (CCR5),CCR5,Subset of T and mono,,,,,CD195_CCR5,,
79,G034E3,C0143,0143 anti-human CD196 (CCR6),CD196 (CCR6),GATCCCTTTGTCACT,CD196 (CCR6),CCR6,"Memory T, B, immature DCs",yes,,,,CD196_CCR6,,CCR6
80,HI149,C0402,0402 anti-human CD1a,CD1a,GATCGTGTTGTGTTA,CD1a,CD1A,DCs,yes,SK9,,,CD1a,,
81,L161,C0160,0160 anti-human CD1c,CD1c,GAGCTACTTCACTCG,CD1c,CD1C,"DCs, subset of B, subset of mature T",yes,,,,CD1c,,
82,51.1,C0164,0164 anti-human CD1d,CD1d,TCGAGTCGCTTATCA,CD1d,CD1D,"Mono/macro, DCs, B cells",,,,,CD1d,,
83,TS1/8,C0367,0367 anti-human CD2,CD2,TACGATTTGTCAGGG,CD2,CD2,"T, NK",,,,,CD2,,
84,7C9C20,C0399,0399 anti-human CD204,CD204,TAGCGAGCCAGATGT,CD204,MSR1,"Macro, DCs",,,,,CD204,,
85,15. Feb,C0205,0205 anti-human CD206 (MMR),CD206 (MMR),TCAGAACGTCTAACT,CD206 (MMR),MRC1,"Macro, DCs",,,,,CD206_MMR,,
86,4C7,C0437,0437 anti-mouse/human CD207,CD207,CGATTTGTATTCCCT,CD207,CD207,DC subsets,,,,,CD207,,
87,9E9A8,C0597,0597 anti-human CD209 (DC-SIGN),CD209 (DC-SIGN),TCACTGGACACTTAA,CD209 (DC-SIGN),CD209,"mDCs, macro",,,,,CD209_DC_SIGN,,
88,Bu32,C0181,0181 anti-human CD21,CD21,AACCTAGTAGTTCGG,CD21,CR2,"B, subsets of T",,,,,CD21,,
89,S-HCL-1,C0393,0393 anti-human CD22,CD22,GGGTTGTTGTCTTTG,CD22,CD22,Mature & activated B,,,,,CD22,,
90,11C3C65,C0152,0152 anti-human CD223 (LAG-3),CD223 (LAG-3),CATTTGTCTGCCGGT,CD223 (LAG-3),LAG3,"Activated T, Tregs, NK; inhibitory",,,,,CD223_LAG_3,,
91,KF29,C1052,1052 anti-human CD224,CD224,CTGATGAGATGTCAG,CD224,GGT1,"Subset of T, B, stem cell precursors; protects from oxidative stress ",,,,,CD224,,
92,11A8,C0368,0368 anti-human CD226 (DNAM-1),CD226 (DNAM-1),TCTCAGTGTTTGTGG,CD226 (DNAM-1),CD226,"T, NK, mono/macro, platelets, megakaryocytes,  subset of B",,,,,CD226_DNAM_1,,
93,EBVCS-5,C0897,0897 anti-human CD23,CD23,TCTGTATAACCGTCT,CD23,FCER2,"Mature B, subsets of myeloid",,,,,CD23,,
94,HIR2,C0196,0196 anti-human CD235ab,CD235ab,GCTCCTTTACACGTA,CD235ab,GYPA; GYPB,"RBCs, erythroid precursors",,,,,CD235ab,,
95,ML5,C0180,0180 anti-human CD24,CD24,AGATTCCTTCGTGTT,CD24,CD24,"B, granulocytes",,,,,CD24,,
96,C1.7,C0189,0189 anti-human CD244 (2B4),CD244 (2B4),TCGCTTGGATGGTAG,CD244 (2B4),CD244,"NK, subset of T (including most CD8+ T, γδ T), mono, baso, eosino;  inhibitory or activating functions depending on density",,,,,CD244_2B4,,
97,11C3.1,C0021,0021 anti-human CD252 (OX40L),CD252 (OX40L),TTTAGTGATCCGACT,CD252 (OX40L),TNFSF4,"Activated B, CTLs, and mast cells, mature DCs",,,,,CD252_OX40L,,
98,MIH24,C0356,"0356 anti-human CD254 (TRANCE, RANKL)","CD254 (TRANCE, RANKL)",TCCGTGTTAGTTTGT,"CD254 (TRANCE, RANKL)",TNFSF11,Activated T,,,,,CD254_TRANCE_RANKL,,
99,1D6,C0863,"0863 anti-human CD257 (BAFF, BLYS)","CD257 (BAFF, BLYS)",CAGAGCACCCATTAA,"CD257 (BAFF, BLYS)",TNFSF13B,"B and T, mono/macro, DCs",,,,,CD257_BAFF_BLYS,,
100,T5-39,C1056,1056 anti-human CD258 (LIGHT),CD258 (LIGHT),ACTTCCCTGTAGAAA,CD258 (LIGHT),TNFSF14,Upregulated on activated T ,,,,,CD258_LIGHT,,
101,BA5b,C0396,0396 anti-human CD26,CD26,GGTGGCTAGATAATG,CD26,DPP4,"T (upregulated upon activation), B, NK, macro",,,,,CD26,,
102,1A1,C0247,0247 anti-human CD267 (TACI),CD267 (TACI),AGTGATGGAGCGAAC,CD267 (TACI),TNFRSF13B,B,,,,,CD267_TACI,,
103,11C1,C0215,0215 anti-human CD268 (BAFF-R),CD268 (BAFF-R),CGAAGTCGATCCGTA,CD268 (BAFF-R),TNFRSF13C,"Mature B, subset of T",,,,,CD268_BAFF_R,,
104,19F2,C0056,0056 anti-human CD269 (BCMA),CD269 (BCMA),CAGATGATCCACCAT,CD269 (BCMA),TNFRSF17,"Plasmablasts, plasma cells",,,,,CD269_BCMA,,
105,MIH26,C0170,0170 anti-human CD272 (BTLA),CD272 (BTLA),GTTATTGGACTAAGG,CD272 (BTLA),BTLA,"B, T, macro, DCs, NKT, NK; inhibitory",,,,,CD272_BTLA,,
106,24F.10C12,C0008,"0008 anti-human CD273  (B7-DC, PD-L2)","CD273  (B7-DC, PD-L2)",TCAACGCTTGGCTAG,"CD273  (B7-DC, PD-L2)",PDCD1LG2,Subset of DCs and macro; inhibitory,,,,,CD273_B7_DC_PD_L2,,
107,29E.2A3,C0007,"0007 anti-human CD274 (B7-H1, PD-L1)","CD274 (B7-H1, PD-L1)",GTTGTCCGACAATAC,"CD274 (B7-H1, PD-L1)",CD274,"T, B, other APCs",yes,MIH1,,,CD274_B7_H1_PD_L1,,
108,2D3,C0009,"0009 anti-human CD275 (B7-H2, ICOSL)","CD275 (B7-H2, ICOSL)",GTGCATTCAACAGTA,"CD275 (B7-H2, ICOSL)",ICOSLG,"B, activated mono/macro, DCs",,,,,CD275_B7_H2_ICOSL,,
109,C398.4A,C0171,0171 anti-human/mouse/rat CD278 (ICOS),CD278 (ICOS),CGCGCACCCATTAAA,CD278 (ICOS),ICOS,Activated T,yes,,,,CD278_ICOS,,ICOS
110,TS2/16,C0369,0369 anti-human CD29,CD29,GTATTCCCTCAGTCA,CD29,ITGB1,Most leukocytes; low on granulocytes,,,,,CD29,,
111,BM16,C0102,0102 anti-human CD294 (CRTH2),CD294 (CRTH2),TGTTTACGAGAGCCC,CD294 (CRTH2),PTGDR2,"Th2, eosino, baso",yes,,,,CD294_CRTH2,,
112,BY88,C0028,0028 anti-human CD30,CD30,TCAGGGTGTGCTGTA,CD30,TNFRSF8,Activated T and B,,,,,CD30,,
113,201A,C0370,0370 anti-human CD303 (BDCA-2),CD303 (BDCA-2),GAGATGTCCGAATTT,CD303 (BDCA-2),CLEC4C,pDC; CLEC4C cross-linking inhibits type I IFN production,yes,,,,CD303_BDCA_2,,
114,12C2,C0406,0406 anti-human CD304 (Neuropilin-1),CD304 (Neuropilin-1),GGACTAAGTTTCGTT,CD304 (Neuropilin-1),NRP1,"pDC, Tfh",,,,,CD304_Neuropilin_1,,
115,NKTA255,C0590,0590 anti-human CD305 (LAIR1),CD305 (LAIR1),ATTTCCATTCCCTGT,CD305 (LAIR1),LAIR1,"NK, T, B, mono, DCs, eosino, baso, mast; inhibitory",,,,,CD305_LAIR1,,
116,413D12,C0828,0828 anti-human CD307d (FcRL4),CD307d (FcRL4),CGATTTGATCTGCCT,CD307d (FcRL4),FCRL4,Subset of mem B,,,,,CD307d_FcRL4,,
117,509f6,C0829,0829 anti-human CD307e (FcRL5),CD307e (FcRL5),TCACGCAGTCCTCAA,CD307e (FcRL5),FCRL5,Subset of B and plasma,,,,,CD307e_FcRL5,,
118,7D4-6,C0362,0362 anti-human CD309 (VEGFR2),CD309 (VEGFR2),TTCACGCAGTAAGAT,CD309 (VEGFR2),KDR,Megakaryocytes,,,,,CD309_VEGFR2,,
119,WM59,C0124,0124 anti-human CD31,CD31,ACCTTTATGCCACGG,CD31,PECAM1,"Mono, platelets, granulocytes, lymphocyte subsets (marker of recent thymic egress on CD4 naïve T)",,,,,CD31,,
120,1D11,C0165,0165 anti-human CD314 (NKG2D),CD314 (NKG2D),CGTGTTTGTTCCTCA,CD314 (NKG2D),KLRK1,"NK, CD8+ T, γδ T; activating",,,,,CD314_NKG2D,,
121,162.1,C0830,0830 anti-human CD319 (CRACC),CD319 (CRACC),AGTATGCCATGTCTT,CD319 (CRACC),SLAMF7,"Most NK, B, subsets of T",,,,,CD319_CRACC,,
122,FUN-2,C0142,0142 anti-human CD32,CD32,GCTTCCGAATTACCG,CD32,FCGR2A,"Mono/macro, granulocytes, platelets, B ",,,,,CD32,,
123,67A4,C0135,0135 anti-human CD324 (E-Cadherin),CD324 (E-Cadherin),ATCCTTCTCCCTTTC,CD324 (E-Cadherin),CDH1,Erythroid,,,,,CD324_E_Cadherin,,
124,9C4,C0123,0123 anti-human CD326 (Ep-CAM),CD326 (Ep-CAM),TTCCGAGCAAGTATC,CD326 (Ep-CAM),EPCAM,"Epithelial, erythroid progenitors",,,,,CD326_Ep_CAM,,
125,6-434,C0902,0902 anti-human CD328 (Siglec-7),CD328 (Siglec-7),CTTAGCATTTCACTG,CD328 (Siglec-7),SIGLEC7,"NK, mono; inhibitory",,,,,CD328_Siglec_7,,
126,"9,00E+02",C0101,0101 anti-human CD335 (NKp46),CD335 (NKp46),ACAATTTGAACAGCG,CD335 (NKp46),NCR1,NK; cytotoxicity receptor,,,,,CD335_NKp46,,
127,P44-8,C0802,0802 anti-human CD336 (NKp44),CD336 (NKp44),GGGCAATTAGCGAGT,CD336 (NKp44),NCR2,"IL-2-activated NK, subset of γ/δ T; activating",,,,,CD336_NKp44,,
128,P30-15,C0801,0801 anti-human CD337 (NKp30),CD337 (NKp30),AAAGTCACTCTGCCG,CD337 (NKp30),NCR3,NK; cytotoxicity receptor,,,,,CD337_NKp30,,
129,581,C0054,0054 anti-human CD34,CD34,GCAGAAATCTCCCTT,CD34,CD34,On haematopoietic progenitor cells,,,,,CD34,,
130,E11,C0167,0167 anti-human CD35,CD35,ACTTCCGTCGATCTT,CD35,CR1,"Granulo, mono, B, erythrocytes, subsets of NK and T ",,,,,CD35,,
131,108-17,C0360,0360 anti-human CD357 (GITR),CD357 (GITR),ACCTTTCGACACTCG,CD357 (GITR),TNFRSF18,Activated lymphocytes,,,,,CD357_GITR,,
132,5-271,C0407,0407 anti-human CD36,CD36,TTCTTTGCCTTGCCA,CD36,CD36,"Erythrocytes, platelets, macro/mono, DCs",,,,,CD36,,
133,4B2.9,C0985,0985 anti-human CD360 (IL-21R),CD360 (IL-21R),GAGGATGATGCCATG,CD360 (IL-21R),IL21R,"B, T, NK",,,,,CD360_IL_21R,,
134,F38-2E2,C0169,0169 anti-human CD366 (Tim-3),CD366 (Tim-3),TGTCCTACCCAACTT,CD366 (Tim-3),HAVCR2,"Activated T cells (preferentially on Th1), mono/macro, DCs",yes,7D3,,,CD366_Tim_3,,
135,8F9,C0207,0207 anti-human CD370 (CLEC9A/DNGR1),CD370 (CLEC9A/DNGR1),CTGCATTTCAGTAAG,CD370 (CLEC9A/DNGR1),CLEC9A,cDC; CD16- mono,,,,,CD370_CLEC9A_DNGR1,,
136,5C3,C0031,0031 anti-human CD40,CD40,CTCAGATGGAGTATG,CD40,CD40,"B, macro",yes,,,,CD40,,
137,HIP8,C0353,0353 anti-human CD41,CD41,ACGTTGTGGCCTTGT,CD41,ITGA2B,"Platelets, megakaryocytes",,,,,CD41,,
138,CC2C6,C0026,0026 anti-human CD47,CD47,GCATTCTGTCACCTA,CD47,CD47,"T, B, mono, platelets, erythrocytes",,,,,CD47,,
139,P1E6-C5,C0371,0371 anti-human CD49b,CD49b,GCTTTCTTCAGTATG,CD49b,ITGA2,"Mono, platelets, activated T, megakaryocytes",,,,,CD49b,,
140,9F10,C0576,0576 anti-human CD49d,CD49d,CCATTCAACTTCCGG,CD49d,ITGA4,"T, B, mono, eosino, baso, mast, NK, DCs",,,,,CD49d,,
141,UCHT2,C0138,0138 anti-human CD5,CD5,CATTAACGGGATGCC,CD5,CD5,"T, B, DCs",,,,,CD5,,
142,HI186,C0033,0033 anti-human CD52,CD52,CTTTGTACGAGCAAA,CD52,CD52,"T, B, macro/mono, eosino, erythrocytes",,,,,CD52,,
143,HA58,C0217,0217 anti-human CD54,CD54,CTGATAGACTTGAGT,CD54,ICAM1,"T, B, mono/macro, granulo, DCs",,,,,CD54,,
144,TS2/9,C0174,0174 anti-human CD58 (LFA-3),CD58 (LFA-3),GTTCCTATGGACGAC,CD58 (LFA-3),CD58,"B, T, mono, erythrocytes; high levels on T mem and DCs",,,,,CD58_LFA_3,,
145,DREG-56,C0147,0147 anti-human CD62L,CD62L,GTCCCTGCAACTTGA,CD62L,SELL,"Subsets of T and NK (high on naïve T), mono, granulocytes",,,,,CD62L,,
146,AK4,C0218,0218 anti-human CD62P (P-Selectin),CD62P (P-Selectin),CCTTCCGTATCCCTT,CD62P (P-Selectin),SELP,"Activated platelets, megakaryocytes",,,,,CD62P_P_Selectin,,
147,10. Jan,C0162,0162 anti-human CD64,CD64,AAGTATGCCCTACGA,CD64,FCGR1A,"Mono/macro, DCs, activated granulocytes",,,,,CD64,,
148,ASL-32,C0188,0188 anti-human CD66a/c/e,CD66a/c/e,GGGACAGTTCGTTTC,CD66a/c/e,CEACAM1; CEACAM6; CEACAM5,Granulocytes,,,,,CD66a_c_e,,
149,CD7-6B7,C0066,0066 anti-human CD7,CD7,TGGATTCCCGGACTT,CD7,CD7,"T, NK, progenitors, weakly on mono",,,,,CD7,,
150,113-16,C0027,0027 anti-human CD70,CD70,CGCGAACATAAGAAG,CD70,CD70,"Activated T, B, NK , and pDCs",,,,,CD70,,
151,CY1G4,C0394,0394 anti-human CD71,CD71,CCGTGTTCCTCATTA,CD71,TFRC,"Proliferating cells, erythroid precursors",,,,,CD71,,
152,AD2,C0577,0577 anti-human CD73 (Ecto-5'-nucleotidase),CD73,CAGTTCCTCAGTTCG,CD73 (Ecto-5'-nucleotidase),NT5E,Subsets of T and B,,,,,CD73,,
153,CB3-1,C0187,0187 anti-human CD79b (Igβ),CD79b (Ig_beta),ATTCTTCAACCGAAG,CD79b (Igβ),CD79B,B,,,,,CD79b_Ig_beta,,
154,SK1,C0046,0046 anti-human CD8,CD8,GCGCAACTTGATGAT,CD8,CD8A,"T, NKT",yes,RPTAT8,,,CD8,,
155,2D10,C0005,0005 anti-human CD80,CD80,ACGAATCAATCTGTG,CD80,CD80,"Activated B and T, macro, DCs",yes,,,,CD80,,
156,5A6,C0373,0373 anti-human CD81 (TAPA-1),CD81 (TAPA-1),GTATCCTTCCTTGGC,CD81 (TAPA-1),CD81,"T,  B, NK, mono, DCs, low level on granulocytes",,,,,CD81_TAPA_1,,
157,ASL-24,C0920,0920 anti-human CD82,CD82,TCCCACTTCCGCTTT,CD82,CD82,"Mono, granulocytes, lymphocytes",,,,,CD82,,
158,HB15e,C0359,0359 anti-human CD83,CD83,CCACTCATTTCCGGT,CD83,CD83,"Subset of DC, weakly on activated lymphocytes",,,,,CD83,,
159,GHI/75,C0896,0896 anti-human CD85j (ILT2),CD85j (ILT2),CCTTGTGAGGCTATG,CD85j (ILT2),LILRB1,"B, plasma, DCs, mono, subsets of NK and T; inhibitory",,,,,CD85j_ILT2,,
160,IT2.2,C0006,0006 anti-human CD86,CD86,GTCTTTGTCAGTGCA,CD86,CD86,"Activated B and T, mono/macro, DCs",,,,,CD86,,
161,S5/1,C1046,1046 anti-human CD88 (C5aR),CD88 (C5aR),GCCGCATGAGAAACA,CD88 (C5aR),C5AR1,"Mono, neutro, eosino",,,,,CD88_C5aR,,
162,"5,00E+10",C0060,0060 anti-human CD90 (Thy1),CD90 (Thy1),GCATTGTACGATTCA,CD90 (Thy1),THY1,Subset of CD34+ cells,,,,,CD90_Thy1,,
163,DX22,C0867,0867 anti-human CD94,CD94,CTTTCCGGTCCTACA,CD94,KLRD1,"NK, NKT, γδ T; inhibitory",,,,,CD94,,
164,DX2,C0156,0156 anti-human CD95 (Fas),CD95 (Fas),CCAGCTCATTAGAGC,CD95 (Fas),FAS,"T, B, mono, neutrophils; upregulated upon activation",,,,,CD95_Fas,,
165,NK92.39,C0175,0175 anti-human CD96 (TACTILE),CD96 (TACTILE),TGGCCTATAAATGGT,CD96 (TACTILE),CD96,"NK, T (upregulated upon activation)",,,,,CD96_TACTILE,,
166,MEM-108,C0374,0374 anti-human CD98,CD98,GCACCAACAGCCATT,CD98,SLC3A2,Higher expression on activated immune cells; role in lymphocyte activation and integrin signalling,,,,,CD98,,
167,50C1,C0853,0853 anti-human CLEC12A,CLEC12A,CATTAGAGTCTGCCA,CLEC12A,CLEC12A,"Mono, granulo, NK,baso",,,,,CLEC12A,,
168,JD3,C1057,1057 anti-human DR3 (TRAMP),DR3 (TRAMP),GAGTTCCCTCAGTTC,DR3 (TRAMP),TNFRSF25,"Mono, granulo",,,,,DR3_TRAMP,,
169,AER-37 (CRA-1),C0352,0352 anti-human FcεRIα,FcERIa,CTCGTTTCCGTATCG,FcεRIα,FCER1A,"Mast cells, basophils, DCs",,,,,FcERIa,,
170,7B11,C0901,0901 anti-human GARP (LRRC32),GARP (LRRC32),AGGTATGGTAGAGTA,GARP (LRRC32),LRRC32,"Tregs, megakaryocytes, platelets",,,,,GARP_LRRC32,,
171,B1,C0139,0139 anti-human TCR γ/δ,gdTCR,CTTCCGATTCATTCA,TCR γ/δ,,γδ T,yes,11F2,,,gdTCR,,
172,W6/32,C0058,"0058 anti-human HLA-A,B,C","HLA-A,B,C",TATGCGAGGCTTATC,"HLA-A,B,C","HLA-A, HLA-B, HLA-C",All cells except RBCs,,,,,HLA_A_B_C,,
173,BB7.2,C0899,0899 anti-human HLA-A2,HLA-A2,GAACATTTCCGACAA,HLA-A2,HLA-A*02,All cells except RBCs; allele is common but may not be found in all donors,,,,,HLA_A2,,
174,3D11/HLA-F,C1047,1047 anti-human HLA-F,HLA-F,GCAACTCTCCTACCT,HLA-F,HLA-F,"Primarily found intracellularly;  surface expression increases in correlation with classical MHC-I upregulation on activated monocytes, B, T, and NK cells",,,,,HLA_F,,
175,M1/70,C0014,0014 anti-mouse/human CD11b,human CD11b,TGAAGGCTCATTTGT,CD11b,ITGAM,"Mono/macro, DCs, NK cells, subsets of T and B cells, granulocytes",yes,,,,humanCD11b,,
176,IM7,C0073,0073 anti-mouse/human CD44,human CD44,TGGCTTCAGGTCCTA,CD44,CD44,Leukocytes; increases upon activation/transition to memory,,,,,humanCD44,,
177,M3/38,C0895,0895 anti-mouse/human Mac-2 (Galectin-3),human Mac-2 (Galectin-3),GATGCAATTAGCCGG,Mac-2 (Galectin-3),LGALS3,Macro,,,,,humanMac_2_Galectin_3,,
178,MOPC-21,C0090,"0090 Mouse IgG1, κ isotype Ctrl",IgG1 isotyp ctrl,GCCGGACGACATTAA,"IgG1, κ isotype Ctrl",,,,,,,IgG1isotypctrl,,
179,MOPC-173,C0091,"0091 Mouse IgG2a, κ isotype Ctrl",IgG2a isotype ctrl,CTCCTACCTAAACTG,"IgG2a, κ isotype Ctrl",,,,,,,IgG2aisotypectrl,,
180,MPC-11,C0092,"0092 Mouse IgG2b, κ isotype Ctrl",IgG2b isotype ctrl (mouse),ATATGTATCACGCGA,"IgG2b, κ isotype Ctrl",,,,,,,IgG2bisotypectrl_mouse,,
181,RTK4530,C0095,"0095 Rat IgG2b, κ Isotype Ctrl",IgG2b isotype ctrl (rat),GATTCTTGACGACCT,"IgG2b, κ Isotype Ctrl",,,,,,,IgG2bisotypectrl_rat,,
182,MHK-49,C0894,0894 anti-human Ig light chain κ,Ig light chain k,AGCTCAGCCAGTATG,Ig light chain κ,IGKC,B,,,,,Iglightchaink,,
183,MHL-38,C0898,0898 anti-human Ig light chain λ,Ig light chain l,CAGCCAGTAAGTCAC,Ig light chain λ,,B,,,,,Iglightchainl,,
184,FIB504,C0214,0214 anti-human/mouse integrin β7,Integrin_b7,TCCTTGGATGTACCG,integrin β7,ITGB7,Most peripheral lymphocytes,,,,,Integrin_b7,,
185,SA231A2,C0153,0153 anti-human KLRG1 (MAFA),KLRG1 (MAFA),CTTATTTCCTGCCCT,KLRG1 (MAFA),KLRG1,"NK, T; Inhibitory",,,,,KLRG1_MAFA,,
186,15C4,C0591,0591 anti-human LOX-1,LOX-1,ACCCTTTACCGAATA,LOX-1,OLR1,DCs; role in cross-presentation,,,,,LOX_1,,
187,GoH3,C0070,0070 anti-human/mouse CD49f,mouse CD49f,TTCCGAGGATGATCT,CD49f,ITGA6,"Platelets, mono, T ",,,,,mouseCD49f,,
188,1176-2,,,,,,,,,,IgD,152 Sm,,,
189,11F2,,,,,,,,,,TCRgd  ,152 Sm,,,
190,123R3.5B8,,,,,,,,,,Vd2 (clone 123R3),146 Nd,,,
191,14C2A07,,,,,,,,,,KLRG1,154 Sm,,,
192,14D3,,,,,,,,,,CTLA-4,161 Dy,,,
193,150503,,,,,,,,,,CCR7 ,167 Er,,,
194,2A9-1,,,,,,,,,,CX3CR1,176 Yb,,,
195,B1.1/CD66,,,,,,,,,,CD66,149 Sm,,,
196,Bu15,,,,,,,,,,CD11c,141 Pr,,,
197,G46-6,,,,,,,,,,HLADR,116 Cd,,,
198,HCD57,,,,,,,,,,CD57 ,115 In,,,
199,HCD99,,,,,,,,,,CD99,170 Er,,,
200,L128,,,,,,,,,,CD27 ,158 Gd,,,CD27
201,L293,,,,,,,,,,CD28 ,163 Dy,,,
202,M-A251,,,,,,,,,,CD25 ,172 Yb,,,CD25
203,NCAM16.2,,,,,,,,,,CD56 ,166 Er,,,
204,RPA-T8,,,,,,,,,,CD8,198 Pt,,,
205,,,,,,,,,,,CD69,150 Nd,,,
206,8F10B51,C1048,1048 anti-human NLRP2,NLRP2,ACGCTTGTGTTAGTT,NLRP2,NLRP2,Inhibits TNF and CD40-induced NFKB1 activity; promotes IL-1B secretion,,,,,NLRP2,,
207,mAb 84,C1051,1051 anti-human Podocalyxin,Podocalyxin,GAGCCGGTATAATGC,Podocalyxin,PODXL,Certain ES cells,,,,,Podocalyxin,,
208,NC-08,C0127,0127 anti-Human Podoplanin,Podoplanin,GGTTACTCGTTGTGT,Podoplanin,PDPN,DC subsets,,,,,Podoplanin,,
209,M7004D06,C0856,0856 anti-Tau Phospho (Thr181),Tau Phospho (Thr181),CTCGTTTGTAGCAAT,anti-Tau Phospho (Thr181),,,,,,,TauPhospho_Thr181,,
210,6B11,C0584,0584 anti-human TCR Vα24-Jα18 (iNKT cell),TCR_Va24-Ja18,AACTTCTGTGGTAGC,TCR Vα24-Jα18 (iNKT cell),,iNKT,yes,,,,TCR_Va24_Ja18,,
211,H131,C0908,0908 anti-human TCR Vβ13.1,TCR_Vb13-1,TTATGGACGTATGGT,TCR Vβ13.1,TRAV13-1,Subset of T,,,,,TCR_Vb13_1,,
212,B3,C0583,0583 anti-human TCR Vγ9,TCR_Vg9,AAGTGATGGTATCTG,TCR Vγ9,TRGV9,Subset of γδ T (Vγ9Vδ2 T),,,,,TCR_Vg9,,
213,A15153G,C0089,0089 anti-human TIGIT (VSTM3),TIGIT (VSTM3),TTGCTTACCGCCAGA,TIGIT (VSTM3),TIGIT,"Activated T, Tfh, Tmem, Treg, NK",,,,,TIGIT_VSTM3,,
214,1D3,C0387,0387 anti-human TSLPR (TSLP-R),TSLPR (TSLP-R),CAGTCCTCTCTGTCA,TSLPR (TSLP-R),CRLF2,"DC, activated mono, low levels on T cells ",,,,,TSLPR_TSLP_R,,
215,S15046E,C0208,0208 anti-human XCR1,XCR1,AAGACGCATGTCAAC,XCR1,XCR1,Binds XCL1 and XCL2; on CD141+ DCs,,,,,XCR1,,
